File Name,Main mission,Sub mission,Academic Summary,Link sub folder
รวมเล่ม 10 เทคนิค GPT.pdf,กลุ่มที่ 4: การพัฒนาระบบนิเวศการเรียนรู้ดิจิทัลและเทคโนโลยีสารสนเทศเพื่อการนิเทศการศึกษา,4.2 การพัฒนาระบบอัตโนมัติและเครื่องมือช่วยปฏิบัติงาน (การเขียนสคริปต์/โค้ด/ระบบอัตโนมัติ),เป็นการถอดประสบการณ์ของศึกษานิเทศก์ในการทดลองสร้างและพัฒนาเทคนิคการเขียน Prompt 10 รูปแบบ เพื่อเป็นเครื่องมือช่วยครูผู้สอนในการสกัดไอเดียเชิงนวัตกรรม เช่น การเขียนแผนการจัดการเรียนรู้ การสร้างหลักสูตร และการทำวิจัยในชั้นเรียนได้อย่างเฉพาะเจาะจง,https://drive.google.com/drive/folders/12npSm4gurZQZymD0KIj0syAIRYTQiEF1?usp=sharing
รวมเล่ม active local modern final.pdf,กลุ่มที่ 1: การพัฒนานวัตกรรมและองค์ความรู้เฉพาะทางในการนิเทศการศึกษา,"1.1 เอกสารวิชาการประเภท ""คู่มือและแนวทางการนิเทศ""",นวัตกรรมคู่มือปฏิบัติการสำหรับศึกษานิเทศก์และครู เพื่อขับเคลื่อนนโยบายปฏิรูปการศึกษาปี 2568 โดยเชื่อมโยงกรอบมาตรฐานพฤติกรรม Active Learning เข้ากับ 10 ต้นแบบกิจกรรมเชิงรุกตามบริบทท้องถิ่นเชียงใหม่ร่วมสมัยและการประเมินแนวใหม่,https://drive.google.com/drive/folders/1rMBq7XiQFJBOZsH7W5O8Ys1MwdYDbU3K?usp=sharing
รวมเล่ม AI for science final.pdf,กลุ่มที่ 4: การพัฒนาระบบนิเวศการเรียนรู้ดิจิทัลและเทคโนโลยีสารสนเทศเพื่อการนิเทศการศึกษา,4.1 เอกสารวิชาการและสื่อการเรียนรู้ดิจิทัลในรูปแบบไฟล์คงรูป (PDF/e-Book),"คลังความรู้อัจฉริยะและแนวทางการใช้เครื่องมือ Open AI (เช่น ChatGPT, Claude) ในการออกแบบกิจกรรมการเรียนรู้และเกณฑ์การประเมิน (Rubrics) ที่ช่วยหนุนเสริมสมรรถนะวิทยาศาสตร์ของนักเรียนตามกรอบ PISA 2025 โดยใช้สถานการณ์จริงรอบตัวเป็นสิ่งเร้า",https://drive.google.com/drive/folders/1k0eNO-0kkMyYEvHbEJ12LLxqDdEujTCW?usp=sharing
รวมเล่ม ChatGPT for director.pdf,กลุ่มที่ 2: การพัฒนาวิชาชีพและหนุนเสริมศักยภาพครูผ่านกระบวนการนิเทศแบบร่วมมือ,2.1 หลักสูตรและสื่อการพัฒนาวิชาชีพครู (เช่น เอกสารประกอบการจัดเวิร์กชอป),เอกสารข้อเสนอแนะและไอเดียต้นแบบการใช้ ChatGPT สำหรับผู้บริหารสถานศึกษา เพื่อเป็นสื่อในการวางแผนกิจกรรม พัฒนาวิชาชีพครูอย่างมืออาชีพในเรื่องกลยุทธ์ Active Learning และส่งเสริมสมรรถนะด้านเทคโนโลยีดิจิทัลเชิงระบบให้แก่นักเรียน,https://drive.google.com/drive/folders/1XTdr4mmlwkj8wnRVMpYYiECGwHSYoY4H?usp=sharing
รวมเล่ม ChatGPT for parent.pdf,กลุ่มที่ 2: การพัฒนาวิชาชีพและหนุนเสริมศักยภาพครูผ่านกระบวนการนิเทศแบบร่วมมือ,2.1 หลักสูตรและสื่อการพัฒนาวิชาชีพครู (เช่น เอกสารประกอบการจัดเวิร์กชอป),สื่อการเรียนรู้เชิงแนวคิดสำหรับผู้ปกครองในการประยุกต์ใช้ ChatGPT เป็นพี่เลี้ยงช่วยสอนและเพื่อนคู่คิดเพื่อหนุนเสริมการเรียนรู้ของบุตรหลาน ครอบคลุมทั้งการช่วยทำการบ้าน งานวิจัย การฝึกภาษา และการกระตุ้นทักษะการคิดอย่างมีวิจารณญาณ (Media Literacy),https://drive.google.com/drive/folders/1XTdr4mmlwkj8wnRVMpYYiECGwHSYoY4H?usp=sharing
รวมเล่ม ChatGPT for Student.pdf,กลุ่มที่ 2: การพัฒนาวิชาชีพและหนุนเสริมศักยภาพครูผ่านกระบวนการนิเทศแบบร่วมมือ,2.1 หลักสูตรและสื่อการพัฒนาวิชาชีพครู (เช่น เอกสารประกอบการจัดเวิร์กชอป),สื่อไอเดียและแนวทางสำหรับนักเรียนในการใช้ ChatGPT เป็นเครื่องมือสังเคราะห์ข้อมูลและแหล่งเรียนรู้อัจฉริยะยุคใหม่ เพื่อกระตุ้นทักษะการคิดวิพากษ์และการรู้เท่าทันสื่อ (Media Literacy) ให้เท่าทันความก้าวหน้าทางเทคโนโลยี,https://drive.google.com/drive/folders/1XTdr4mmlwkj8wnRVMpYYiECGwHSYoY4H?usp=sharing
รวมเล่ม ChatGPT for Supervisor.pdf,กลุ่มที่ 1: การพัฒนานวัตกรรมและองค์ความรู้เฉพาะทางในการนิเทศการศึกษา,2.1 หลักสูตรและสื่อการพัฒนาวิชาชีพครู (เช่น เอกสารประกอบการจัดเวิร์กชอป),คู่มือเชิงแนวคิดและนวัตกรรมการนิเทศการศึกษาสำหรับศึกษานิเทศก์ในการนำ ChatGPT มาประยุกต์ใช้เป็นเพื่อนคู่คิดเพื่อขับเคลื่อนงานวิเทศสัมพันธ์ งานวิชาการ และงานนิเทศติดตามสถานศึกษาอย่างชาญฉลาด,https://drive.google.com/drive/folders/1XTdr4mmlwkj8wnRVMpYYiECGwHSYoY4H?usp=sharing
รวมเล่ม ChatGPT for Teacher.pdf,กลุ่มที่ 2: การพัฒนาวิชาชีพและหนุนเสริมศักยภาพครูผ่านกระบวนการนิเทศแบบร่วมมือ,2.1 หลักสูตรและสื่อการพัฒนาวิชาชีพครู (เช่น เอกสารประกอบการจัดเวิร์กชอป),สื่อการพัฒนาวิชาชีพที่มุ่งสร้างความเข้าใจให้แก่ครูผู้สอนในการประยุกต์ใช้ ChatGPT เพื่อเป็นเครื่องมือช่วยปฏิรูปห้องเรียน ทั้งการออกแบบหลักสูตร การเขียนแผนจัดการเรียนรู้ และการสร้างนวัตกรรมสื่อการสอน,https://drive.google.com/drive/folders/1XTdr4mmlwkj8wnRVMpYYiECGwHSYoY4H?usp=sharing
รวมเล่ม ChatGPT กับการวัดผลในชั้นเรียน.pdf,กลุ่มที่ 1: การพัฒนานวัตกรรมและองค์ความรู้เฉพาะทางในการนิเทศการศึกษา,1.2 เครื่องมือการวัดและประเมินผลต้นแบบ,คู่มือเทคนิคการใช้ ChatGPT เป็นนวัตกรรมหนุนเสริมการวัดและประเมินผลตามสภาพจริงในชั้นเรียน เพื่อช่วยครูผู้สอนสร้างเครื่องมือวัดผลที่มีประสิทธิภาพและช่วยยกระดับคุณภาพผู้เรียนสู่การเป็นพลเมืองโลก,https://drive.google.com/drive/folders/1nE74WgwPM3qwR5Z9KMP_1XUyYnYfZFMu?usp=sharing
รวมเล่ม visual rubrics final.pdf,กลุ่มที่ 1: การพัฒนานวัตกรรมและองค์ความรู้เฉพาะทางในการนิเทศการศึกษา,1.2 เครื่องมือการวัดและประเมินผลต้นแบบ,"คลังนวัตกรรมการประเมินเพื่อพัฒนาการเรียนรู้ (Assessment for Learning) ของคณะครูจังหวัดเชียงใหม่ ผ่านเครื่องมือต้นแบบ ""Visual Rubrics"" ที่ใช้ภาพ สี และสัญลักษณ์เพื่อสื่อสารเกณฑ์การวัดผลให้เข้าใจง่ายและเป็นรูปธรรม",https://drive.google.com/drive/folders/1nE74WgwPM3qwR5Z9KMP_1XUyYnYfZFMu?usp=sharing
รวมบทความ PA final.pdf,กลุ่มที่ 1: การพัฒนานวัตกรรมและองค์ความรู้เฉพาะทางในการนิเทศการศึกษา,1.3 รายงานการวิจัยและพัฒนา (R&D) ในบทบาทศึกษานิเทศก์,ผลการวิเคราะห์และสะท้อนมุมมองเชิงวิชาการ 7 บทความในการจัดทำข้อตกลงพัฒนางาน (ว.PA) โดยใช้ศาสตร์การวิจัยและประเมินผลตามสภาพจริง (Authentic Assessment) เป็นฐานคิดเพื่อขับเคลื่อนห้องเรียนสมรรถนะ,https://drive.google.com/drive/folders/1UHau5Y_tZk2yz4wGd-EyCgdYwyLbOyIp?usp=sharing
รวมบทความอัตนัย 2562.pdf,กลุ่มที่ 2: การพัฒนาวิชาชีพและหนุนเสริมศักยภาพครูผ่านกระบวนการนิเทศแบบร่วมมือ,2.3 การถอดบทเรียนและแนวปฏิบัติที่เป็นเลิศของสถานศึกษา (School Best Practices),การถอดประสบการณ์และเทคนิคการจัดการเรียนรู้ของครูผู้สอนที่สามารถพัฒนาทักษะการเขียนตอบข้อสอบอัตนัยของนักเรียนได้อย่างเป็นรูปธรรม ยึดโยงจากผลการทดสอบ O-NET ปี 2562,https://drive.google.com/drive/folders/18StcylMa_avVn9dn80b2Hns6hale1gH8?usp=sharing
รวมบทความอัตนัย 2563.pdf,กลุ่มที่ 2: การพัฒนาวิชาชีพและหนุนเสริมศักยภาพครูผ่านกระบวนการนิเทศแบบร่วมมือ,2.3 การถอดบทเรียนและแนวปฏิบัติที่เป็นเลิศของสถานศึกษา (School Best Practices),การถอดประสบการณ์และเทคนิคการจัดการเรียนรู้ของครูผู้สอนต้นแบบ 8 ท่าน ที่สามารถพัฒนาทักษะการเขียนตอบข้อสอบอัตนัยของนักเรียนได้อย่างเป็นรูปธรรม ยึดโยงจากผลการทดสอบ O-NET ปี 2563,https://drive.google.com/drive/folders/18StcylMa_avVn9dn80b2Hns6hale1gH8?usp=sharing
รวมบทความอัตนัย 2564.pdf,กลุ่มที่ 2: การพัฒนาวิชาชีพและหนุนเสริมศักยภาพครูผ่านกระบวนการนิเทศแบบร่วมมือ,2.3 การถอดบทเรียนและแนวปฏิบัติที่เป็นเลิศของสถานศึกษา (School Best Practices),คลังแนวปฏิบัติที่ดีเลิศ (Best Practices) จากครูและผู้บริหาร 23 โรงเรียน ในการขับเคลื่อนกิจกรรมส่งเสริมความสามารถการเขียนแบบทดสอบชนิดเขียนตอบ เพื่อยกระดับสมรรถนะการคิดวิเคราะห์เชิงลึกของผู้เรียน,https://drive.google.com/drive/folders/18StcylMa_avVn9dn80b2Hns6hale1gH8?usp=sharing
รวมบทความอัตนัย 2566.pdf,กลุ่มที่ 2: การพัฒนาวิชาชีพและหนุนเสริมศักยภาพครูผ่านกระบวนการนิเทศแบบร่วมมือ,2.3 การถอดบทเรียนและแนวปฏิบัติที่เป็นเลิศของสถานศึกษา (School Best Practices),เอกสารรวมองค์ความรู้และเทคนิคเชิงลึกจากครูผู้สอน 31 ท่าน ในการแก้ปัญหาและพัฒนาทักษะการเขียนอัตนัย สะท้อนความสำเร็จเชิงระบบผ่านผลการทดสอบระดับชาติ (O-NET) ปี 2566 ของจังหวัดเชียงใหม่,https://drive.google.com/drive/folders/18StcylMa_avVn9dn80b2Hns6hale1gH8?usp=sharing
รวมเล่ม 10 ปี A5.pdf,กลุ่มที่ 1: การพัฒนานวัตกรรมและองค์ความรู้เฉพาะทางในการนิเทศการศึกษา,"1.1 เอกสารวิชาการประเภท ""คู่มือและแนวทางการนิเทศ""",อนุสรณ์รวมบทความวิชาการคัดสรรในโอกาสครบรอบ 10 ปีการดำรงตำแหน่งศึกษานิเทศก์ ประกอบด้วยแนวคิดการวัดและประเมินผล 10 เรื่อง และการวิจัยในชั้นเรียน 10 เรื่อง ที่ทันสมัยและครูสามารถนำไปประยุกต์ใช้ได้จริง,https://drive.google.com/drive/folders/1rMBq7XiQFJBOZsH7W5O8Ys1MwdYDbU3K?usp=sharing
รวมเล่มการประเมินในสถานการณ์ที่ไม่คุ้นเคย.pdf,กลุ่มที่ 1: การพัฒนานวัตกรรมและองค์ความรู้เฉพาะทางในการนิเทศการศึกษา,1.2 เครื่องมือการวัดและประเมินผลต้นแบบ,"บทความวิเคราะห์และแนวทางการวัดประเมินผลการเรียนรู้ออนไลน์บนฐานคิด ""Assessment for Life"" โดยนำเสนอนวัตกรรมเครื่องมือช่วยประเมินแบบ 4 ส และ 4 ท ร่วมกับ Rubrics เพื่อลดความเครียดของผู้เรียนและผู้ปกครอง",https://drive.google.com/drive/folders/1nE74WgwPM3qwR5Z9KMP_1XUyYnYfZFMu?usp=sharing
รวมเล่มความเชื่อมโยงวิจัยในชั้นเรียน และ ระดับวิทยฐานะ.pdf,กลุ่มที่ 2: การพัฒนาวิชาชีพและหนุนเสริมศักยภาพครูผ่านกระบวนการนิเทศแบบร่วมมือ,2.1 หลักสูตรและสื่อการพัฒนาวิชาชีพครู (เช่น เอกสารประกอบการจัดเวิร์กชอป),คู่มือพัฒนาวิชาชีพที่ใช้กระบวนการวิจัยในชั้นเรียนเป็นเข็มทิศนำทาง เพื่อเป็นสื่อสร้างความเข้าใจให้ครูผู้สอนมองเห็นความเชื่อมโยงในการพัฒนาตนเองและการเลื่อนระดับวิทยฐานะตามเกณฑ์ ว.PA จากครูผู้ช่วยสู่ครูเชี่ยวชาญพิเศษ,https://drive.google.com/drive/folders/1XTdr4mmlwkj8wnRVMpYYiECGwHSYoY4H?usp=sharing
รวมเล่มนานาทัศนะ final.pdf,กลุ่มที่ 1: การพัฒนานวัตกรรมและองค์ความรู้เฉพาะทางในการนิเทศการศึกษา,"1.1 เอกสารวิชาการประเภท ""คู่มือและแนวทางการนิเทศ""",หนังสือรวบรวม 6 มุมมองเชิงวิชาการในการปฏิรูปการศึกษาฐานสมรรถนะ โดยเสนอแนวคิดการออกแบบหลักสูตร การจัดการเรียนรู้ และการประเมินสมรรถนะที่ยึดโยงจากสถานการณ์จริงรอบตัวผู้เรียน,https://drive.google.com/drive/folders/1rMBq7XiQFJBOZsH7W5O8Ys1MwdYDbU3K?usp=sharing
รวมเล่มวัดผลบูรณาการ.pdf,กลุ่มที่ 1: การพัฒนานวัตกรรมและองค์ความรู้เฉพาะทางในการนิเทศการศึกษา,1.2 เครื่องมือการวัดและประเมินผลต้นแบบ,ต้นแบบแนวทางการประเมินการเรียนรู้แบบบูรณาการข้ามศาสตร์ในยุคดิจิทัล โดยการหยิบยกคำค้นหายอดนิยมจาก Google Trends มาสร้างเป็นสิ่งเร้าและสถานการณ์จำลอง เพื่อวัดสมรรถนะควบคู่กับการลดภาระงานของครูและนักเรียน,https://drive.google.com/drive/folders/1nE74WgwPM3qwR5Z9KMP_1XUyYnYfZFMu?usp=sharing
รวมเล่มวิจัยในชั้นเรียนสถานการณ์ที่ไม่คุ้นเคย.pdf,กลุ่มที่ 1: การพัฒนานวัตกรรมและองค์ความรู้เฉพาะทางในการนิเทศการศึกษา,1.3 รายงานการวิจัยและพัฒนา (R&D) ในบทบาทศึกษานิเทศก์,งานวิจัยและสะท้อนมุมมองเชิงระบบในการทำวิจัยในชั้นเรียนแบบร่วมมือ (Collaborative Classroom Research) ภายใต้ข้อจำกัดของสถานการณ์เปลี่ยนผ่าน เพื่อสร้างแนวทางใหม่ในการแก้ปัญหาที่ไม่คุ้นเคยด้วยนวัตกรรมที่เท่าทันบริบท,https://drive.google.com/drive/folders/1UHau5Y_tZk2yz4wGd-EyCgdYwyLbOyIp?usp=sharing
รวมบทความ Learning Loss.pdf,กลุ่มที่ 2: การพัฒนาวิชาชีพและหนุนเสริมศักยภาพครูผ่านกระบวนการนิเทศแบบร่วมมือ,2.3 การถอดบทเรียนและแนวปฏิบัติที่เป็นเลิศของสถานศึกษา (School Best Practices),คลังแนวปฏิบัติที่ดีเลิศ (Best Practices) จากการถอดประสบการณ์จริงของครูผู้สอนและโรงเรียน 8 แห่งในจังหวัดเชียงใหม่ ในการออกแบบกิจกรรมการเรียนรู้เพื่อฟื้นฟูและแก้ไขภาวะถดถอยทางการเรียนรู้ของผู้เรียนหลังวิกฤต,https://drive.google.com/drive/folders/18StcylMa_avVn9dn80b2Hns6hale1gH8?usp=sharing
รวมบทความการเขียนข้อสอบชนิดเขียนตอบ อัตนัย.pdf,กลุ่มที่ 1: การพัฒนานวัตกรรมและองค์ความรู้เฉพาะทางในการนิเทศการศึกษา,"1.1 เอกสารวิชาการประเภท ""คู่มือและแนวทางการนิเทศ""",คู่มือและแนวทางวิชาการที่เรียบเรียงขึ้นเพื่อสร้างความรู้ความเข้าใจให้แก่ครูและผู้บริหาร ตั้งแต่มโนทัศน์เบื้องต้น การวิเคราะห์มาตรฐานตัวชี้วัด การสร้างเครื่องมือวัดผลสัมฤทธิ์แบบอัตนัย และการใช้เกณฑ์ประเมิน (Rubrics),https://drive.google.com/drive/folders/1rMBq7XiQFJBOZsH7W5O8Ys1MwdYDbU3K?usp=sharing
รวมบทความการประเมินแบบบูรณาการเพื่อรองรับ CBE.pdf,กลุ่มที่ 1: การพัฒนานวัตกรรมและองค์ความรู้เฉพาะทางในการนิเทศการศึกษา,1.2 เครื่องมือการวัดและประเมินผลต้นแบบ,นวัตกรรมต้นแบบแนวทางการประเมินผลข้ามศาสตร์เพื่อรองรับการศึกษาฐานสมรรถนะ (CBE) โดยใช้สถานการณ์จริงรอบตัวและคำค้นหายอดนิยมจาก Google Trends มาเป็นสิ่งเร้า มุ่งลดภาระการประเมินของครูและนักเรียน,https://drive.google.com/drive/folders/1nE74WgwPM3qwR5Z9KMP_1XUyYnYfZFMu?usp=sharing
รวมบทความการวัดผลแบบบูรณาการข้ามศาสตร์.pdf,กลุ่มที่ 1: การพัฒนานวัตกรรมและองค์ความรู้เฉพาะทางในการนิเทศการศึกษา,1.2 เครื่องมือการวัดและประเมินผลต้นแบบ,การพัฒนากรอบแนวคิดและเครื่องมือต้นแบบการวัดประเมินผลการเรียนรู้ข้ามศาสตร์ในสถานการณ์ที่ไม่คุ้นเคย เชื่อมโยงบริบทสังคม เทรนด์ออนไลน์ และการประเมินตามสภาพจริง เพื่อช่วยลดภาระงานควบคู่กับการพัฒนาผู้เรียน,https://drive.google.com/drive/folders/1nE74WgwPM3qwR5Z9KMP_1XUyYnYfZFMu?usp=sharing
รวมบทความนานาทัศนะการศึกษาฐานสมรรถนะ.pdf,กลุ่มที่ 1: การพัฒนานวัตกรรมและองค์ความรู้เฉพาะทางในการนิเทศการศึกษา,"1.1 เอกสารวิชาการประเภท ""คู่มือและแนวทางการนิเทศ""",หนังสือรวบรวม 6 ทัศนะและมุมมองเชิงวิชาการด้านการออกแบบการศึกษาฐานสมรรถนะ ครอบคลุมทั้งด้านหลักสูตร การจัดการเรียนรู้ และการประเมินผลที่เน้นสถานการณ์รอบตัวผู้เรียน เพื่อเป็นแนวทางปฏิรูปห้องเรียน,https://drive.google.com/drive/folders/1rMBq7XiQFJBOZsH7W5O8Ys1MwdYDbU3K?usp=sharing
รวมเล่ม data driven education.pdf,กลุ่มที่ 1: การพัฒนานวัตกรรมและองค์ความรู้เฉพาะทางในการนิเทศการศึกษา,"1.1 เอกสารวิชาการประเภท ""คู่มือและแนวทางการนิเทศ""",คู่มือเชิงแนวคิดและกระบวนการสำหรับครูในการนำข้อมูลสารสนเทศมาใช้ตัดสินใจเพื่อพัฒนาคุณภาพการศึกษา (Data-Driven Decisions) ครอบคลุมการเก็บ วิเคราะห์ และรายงานผลเพื่อยกระดับผลสัมฤทธิ์อย่างเป็นระบบ,https://drive.google.com/drive/folders/1rMBq7XiQFJBOZsH7W5O8Ys1MwdYDbU3K?usp=sharing
รวมเล่ม education taxonomy final.pdf,กลุ่มที่ 1: การพัฒนานวัตกรรมและองค์ความรู้เฉพาะทางในการนิเทศการศึกษา,"1.1 เอกสารวิชาการประเภท ""คู่มือและแนวทางการนิเทศ""","เอกสารวิชาการจำแนกหมวดหมู่และอนุกรมวิธานสำคัญทางการศึกษา (เช่น Bloom, Marzano, Webb's DOK) เพื่อเป็นกรอบแนวคิดให้ครูนำไปประยุกต์ใช้ในการจัดพฤติกรรมการเรียนรู้และการสร้างข้อสอบวัดคิดขั้นสูง",https://drive.google.com/drive/folders/1rMBq7XiQFJBOZsH7W5O8Ys1MwdYDbU3K?usp=sharing
รวมเล่ม ลุก รับ เรียน รู้.pdf,กลุ่มที่ 4: การพัฒนาระบบนิเวศการเรียนรู้ดิจิทัลและเทคโนโลยีสารสนเทศเพื่อการนิเทศการศึกษา,4.1 เอกสารวิชาการและสื่อการเรียนรู้ดิจิทัลในรูปแบบไฟล์คงรูป (PDF/e-Book),"นวัตกรรมการจัดการความรู้ (KM) ของศึกษานิเทศก์ในบทบาท ""นักเล่าเรื่อง"" ผ่านแพลตฟอร์มโซเชียลมีเดีย เพื่อเปลี่ยนผ่านความรู้ ""จากกระดาษสู่อากาศ"" หนุนเสริมให้ครูเกิดการเรียนรู้ร่วมกันแบบยืดหยุ่น",https://drive.google.com/drive/folders/1k0eNO-0kkMyYEvHbEJ12LLxqDdEujTCW?usp=sharing
รวมเล่มนิเทศการณ์ ปก 5.pdf,กลุ่มที่ 1: การพัฒนานวัตกรรมและองค์ความรู้เฉพาะทางในการนิเทศการศึกษา,"1.1 เอกสารวิชาการประเภท ""คู่มือและแนวทางการนิเทศ""",หนังสือรวมบทความวิชาการด้านการวัดประเมินผลและการวิจัยในชั้นเรียนบนฐานคิด Assessment for Learning เพื่อเป็นแหล่งเรียนรู้ทางไกลช่วยลดความเหลื่อมล้ำในการเข้าถึงองค์ความรู้ของครูในพื้นที่ห่างไกล,https://drive.google.com/drive/folders/1rMBq7XiQFJBOZsH7W5O8Ys1MwdYDbU3K?usp=sharing
รวมเล่มบันทึกใน FB.pdf,กลุ่มที่ 4: การพัฒนาระบบนิเวศการเรียนรู้ดิจิทัลและเทคโนโลยีสารสนเทศเพื่อการนิเทศการศึกษา,4.1 เอกสารวิชาการและสื่อการเรียนรู้ดิจิทัลในรูปแบบไฟล์คงรูป (PDF/e-Book),"การสกัดองค์ความรู้และเครื่องมือดิจิทัล (เช่น Google Forms, Looker Studio) จากการบันทึกประสบการณ์ผ่าน Facebook ของศึกษานิเทศก์ เพื่อสร้างระบบสารสนเทศอัจฉริยะและกระตุ้นการปฏิรูปห้องเรียนฐานสมรรถนะ",https://drive.google.com/drive/folders/1k0eNO-0kkMyYEvHbEJ12LLxqDdEujTCW?usp=sharing
แนวทางการเขียนรายงานวิจัย ขั้นพื้นฐาน.pdf,กลุ่มที่ 1: การพัฒนานวัตกรรมและองค์ความรู้เฉพาะทางในการนิเทศการศึกษา,"1.1 เอกสารวิชาการประเภท ""คู่มือและแนวทางการนิเทศ""",คู่มือและแนวทางวิชาการที่สกัดจากประสบการณ์ตรง เพื่อเป็นเข็มทิศนำทางให้แก่ครูผู้สอนระดับขั้นพื้นฐานในการเขียนรายงานการวิจัยในชั้นเรียนอย่างถูกต้องตามหลักเกณฑ์และเป็นระบบ,https://drive.google.com/drive/folders/1rMBq7XiQFJBOZsH7W5O8Ys1MwdYDbU3K?usp=sharing
แนวทางการเขียนรายงานวิจัย ปฐมวัย.pdf,กลุ่มที่ 1: การพัฒนานวัตกรรมและองค์ความรู้เฉพาะทางในการนิเทศการศึกษา,"1.1 เอกสารวิชาการประเภท ""คู่มือและแนวทางการนิเทศ""",เอกสารแนวทางการจัดทำและเขียนรายงานการวิจัยในชั้นเรียนที่ออกแบบมาเฉพาะสำหรับครูปฐมวัย เพื่อเป็นเครื่องมือในการสืบเสาะความจริงและแก้ปัญหาพัฒนาการเด็กอย่างเป็นระบบและเชื่อถือได้,https://drive.google.com/drive/folders/1rMBq7XiQFJBOZsH7W5O8Ys1MwdYDbU3K?usp=sharing
รวมเล่ม AL 2568.pdf,กลุ่มที่ 1: การพัฒนานวัตกรรมและองค์ความรู้เฉพาะทางในการนิเทศการศึกษา,1.3 รายงานการวิจัยและพัฒนา (R&D) ในบทบาทศึกษานิเทศก์,รายงานการวิจัยเชิงสำรวจเพื่อสกัดและตรวจสอบองค์ประกอบและพฤติกรรมบ่งชี้ในการจัดกิจกรรม Active Learning ของครูผู้สอนจังหวัดเชียงใหม่ ปี 2568 เพื่อใช้เป็นกรอบมาตรฐานในการประเมินและนิเทศการศึกษา,https://drive.google.com/drive/folders/1UHau5Y_tZk2yz4wGd-EyCgdYwyLbOyIp?usp=sharing
รวมเล่ม Canva v 2.pdf,กลุ่มที่ 4: การพัฒนาระบบนิเวศการเรียนรู้ดิจิทัลและเทคโนโลยีสารสนเทศเพื่อการนิเทศการศึกษา,4.3 คู่มือและรายงานการประเมินผลการใช้เทคโนโลยีดิจิทัล (สถิติการใช้งาน/คู่มือผู้ใช้ระบบ),คู่มือเทคนิคการประยุกต์ใช้แพลตฟอร์ม Canva for Education สำหรับครูผู้สอน เพื่อการออกแบบการเรียนการสอน การสื่อสารในการนิเทศการศึกษา และการจัดกิจกรรมส่งเสริมทักษะการคิดขั้นสูงของผู้เรียน,https://drive.google.com/drive/folders/1_MewmqiZ2ca1qG0rkFYMKFbCIOVLA6b7?usp=sharing
รวมเล่ม GDS.pdf,กลุ่มที่ 4: การพัฒนาระบบนิเวศการเรียนรู้ดิจิทัลและเทคโนโลยีสารสนเทศเพื่อการนิเทศการศึกษา,4.2 การพัฒนาระบบอัตโนมัติและเครื่องมือช่วยปฏิบัติงาน (การเขียนสคริปต์/โค้ด/ระบบอัตโนมัติ),คู่มืออธิบายการใช้งาน Google Data Studio (GDS) แบบ Step-by-Step สำหรับผู้บริหารและครู เพื่อพัฒนาคุณภาพการศึกษาและระบบบริหารจัดการสถานศึกษาโดยใช้สารสนเทศและการขับเคลื่อนด้วยข้อมูล,https://drive.google.com/drive/folders/12npSm4gurZQZymD0KIj0syAIRYTQiEF1?usp=sharing
รวมเล่ม Innovator to innovation final.pdf,กลุ่มที่ 1: การพัฒนานวัตกรรมและองค์ความรู้เฉพาะทางในการนิเทศการศึกษา,1.2 เครื่องมือการวัดและประเมินผลต้นแบบ,"รายงานการวิจัยและพัฒนาเครื่องมือต้นแบบ ""แบบประเมินคุณลักษณะนวัตกร"" สำหรับนักเรียนชั้นมัธยมศึกษาตอนต้นในจังหวัดเชียงใหม่ โดยผ่านการตรวจสอบคุณภาพพฤติกรรมบ่งชี้ทั้ง 7 ด้านอย่างเป็นวิทยาศาสตร์",https://drive.google.com/drive/folders/1nE74WgwPM3qwR5Z9KMP_1XUyYnYfZFMu?usp=sharing
รวมเล่ม LDS v.2.pdf,กลุ่มที่ 4: การพัฒนาระบบนิเวศการเรียนรู้ดิจิทัลและเทคโนโลยีสารสนเทศเพื่อการนิเทศการศึกษา,4.2 การพัฒนาระบบอัตโนมัติและเครื่องมือช่วยปฏิบัติงาน (การเขียนสคริปต์/โค้ด/ระบบอัตโนมัติ),คู่มือการประยุกต์ใช้ Looker Studio (ฉบับปรับปรุงครั้งที่ 2) สำหรับผู้บริหารและครู เพื่อเปลี่ยนข้อมูลดิบให้เป็นแดชบอร์ดสารสนเทศอัจฉริยะ นำไปสู่การบริหารจัดการห้องเรียนและสถานศึกษาโดยใช้สารสนเทศเป็นฐาน,https://drive.google.com/drive/folders/12npSm4gurZQZymD0KIj0syAIRYTQiEF1?usp=sharing
รวมเล่ม NT คณิตศาสตร์ 63 64 65.pdf,กลุ่มที่ 1: การพัฒนานวัตกรรมและองค์ความรู้เฉพาะทางในการนิเทศการศึกษา,1.2 เครื่องมือการวัดและประเมินผลต้นแบบ,คลังเครื่องมือและแนวทางการจัดกลุ่มข้อสอบ NT ด้านคณิตศาสตร์ (ปี 2563-2565) แยกตามมาตรฐานและตัวชี้วัด เพื่อให้ครูและนักเรียนชั้นประถมศึกษาปีที่ 3 ใช้สร้างความคุ้นเคยและวางแผนพัฒนาสมรรถภาพรายบุคคล,https://drive.google.com/drive/folders/1nE74WgwPM3qwR5Z9KMP_1XUyYnYfZFMu?usp=sharing
รวมเล่ม NT ภาษาไทย 63 64 65.pdf,กลุ่มที่ 1: การพัฒนานวัตกรรมและองค์ความรู้เฉพาะทางในการนิเทศการศึกษา,1.2 เครื่องมือการวัดและประเมินผลต้นแบบ,การสกัดและจำแนกกลุ่มแบบทดสอบ NT วิชาภาษาไทย (ปี 2563-2565) ของนักเรียนชั้นประถมศึกษาปีที่ 3 ตามโครงสร้างตัวชี้วัด เพื่อเป็นเครื่องมือต้นแบบให้ครูนำไปวิเคราะห์และออกแบบกิจกรรมซ่อมเสริมได้ตรงจุด,https://drive.google.com/drive/folders/1nE74WgwPM3qwR5Z9KMP_1XUyYnYfZFMu?usp=sharing
รวมเล่ม onet 65 66 67.pdf,กลุ่มที่ 3: การบริหารจัดการเครือข่ายและประสานความร่วมมือเพื่อการพัฒนาการศึกษาเชิงพื้นที่,3.3 รายงานผลการดำเนินงานเชิงระบบและสารสนเทศเพื่อการตัดสินใจของผู้บริหาร,รายงานวิเคราะห์เชิงระบบสารสนเทศจากผลการทดสอบ O-NET (ป.6 และ ม.3) ปี 2565-2567 บนฐานคิด Assessment for Learning เพื่อชี้เป้ามาตรฐานที่ควรเร่งพัฒนา ให้ผู้บริหารใช้ตัดสินใจเชิงนโยบายในพื้นที่จังหวัดเชียงใหม่,https://drive.google.com/drive/folders/1P1-_72U1bdp1cBKSatDVPX91_HLPRCE6?usp=sharing
รวมเล่มการวิเคราะห์มาตรฐานการเรียนรู้เอกชน ท้องถิ่น 2566.pdf,กลุ่มที่ 3: การบริหารจัดการเครือข่ายและประสานความร่วมมือเพื่อการพัฒนาการศึกษาเชิงพื้นที่,3.3 รายงานผลการดำเนินงานเชิงระบบและสารสนเทศเพื่อการตัดสินใจของผู้บริหาร,"รายงานวิจัยเชิงระบบสารสนเทศที่ใช้ ""พื้นที่เป็นฐาน"" โดยวิเคราะห์ผลสอบ O-NET ปี 2566 ของโรงเรียนเอกชนและท้องถิ่นในจังหวัดเชียงใหม่ แยกตามมาตรฐานเพื่อชี้เป้าให้ผู้บริหารใช้ตัดสินใจขับเคลื่อนนโยบาย",https://drive.google.com/drive/folders/1P1-_72U1bdp1cBKSatDVPX91_HLPRCE6?usp=sharing
รวมเล่มกิจกรรมพัฒนาพหุปัญญา ป.4-ป.6 ครูสร้าง final.pdf,กลุ่มที่ 1: การพัฒนานวัตกรรมและองค์ความรู้เฉพาะทางในการนิเทศการศึกษา,1.2 เครื่องมือการวัดและประเมินผลต้นแบบ,นวัตกรรมชุดเครื่องมือและกิจกรรมประเมินพหุปัญญา (Multiple Intelligences) ที่ผ่านการวิจัยเชิงระบบและสกัดพฤติกรรมบ่งชี้ให้สอดคล้องกับวิถีชีวิตและบริบททางวัฒนธรรมของจังหวัดเชียงใหม่,https://drive.google.com/drive/folders/1nE74WgwPM3qwR5Z9KMP_1XUyYnYfZFMu?usp=sharing
รวมเล่มตัวชี้วัด Onet 2565.pdf,กลุ่มที่ 3: การบริหารจัดการเครือข่ายและประสานความร่วมมือเพื่อการพัฒนาการศึกษาเชิงพื้นที่,3.3 รายงานผลการดำเนินงานเชิงระบบและสารสนเทศเพื่อการตัดสินใจของผู้บริหาร,การรวบรวมและวิเคราะห์สารสนเทศตัวชี้วัดที่ใช้ในข้อสอบ O-NET ปี 2565 (ป.6 และ ม.3) เพื่อเป็นเครื่องมือให้เครือข่ายครูผู้สอนใช้มองเห็นภาพรวมและวางแผนพัฒนาคุณภาพการจัดการเรียนรู้ร่วมกัน,https://drive.google.com/drive/folders/1P1-_72U1bdp1cBKSatDVPX91_HLPRCE6?usp=sharing
รวมเล่มทบทวนความรู้การวิจัยในชั้นเรียน.pdf,กลุ่มที่ 2: การพัฒนาวิชาชีพและหนุนเสริมศักยภาพครูผ่านกระบวนการนิเทศแบบร่วมมือ,2.1 หลักสูตรและสื่อการพัฒนาวิชาชีพครู (เช่น เอกสารประกอบการจัดเวิร์กชอป),สื่อสรุปองค์ความรู้และแบบทดสอบทบทวนเรื่องการวิจัยในชั้นเรียน (ฉบับคนเริ่มต้น) เพื่อใช้หนุนเสริมสมรรถนะครูในการวิเคราะห์ปัญหาห้องเรียนและสร้างนวัตกรรมแก้ไขพฤติกรรมผู้เรียนได้อย่างเป็นระบบ,https://drive.google.com/drive/folders/1XTdr4mmlwkj8wnRVMpYYiECGwHSYoY4H?usp=sharing
รวมเล่มแนวทางการเขียนรายงานการวิจัยในชั้นเรียน เอกชน.pdf,กลุ่มที่ 1: การพัฒนานวัตกรรมและองค์ความรู้เฉพาะทางในการนิเทศการศึกษา,"1.1 เอกสารวิชาการประเภท ""คู่มือและแนวทางการนิเทศ""",คู่มือและแนวทางวิชาการที่ออกแบบมาจำเพาะสำหรับครูโรงเรียนเอกชน เพื่อใช้เป็นเข็มทิศและกรอบมาตรฐานในการเขียนรายงานวิจัยในชั้นเรียนให้ถูกต้อง น่าเชื่อถือ และสอดคล้องกับเกณฑ์การพัฒนาวิชาชีพ,https://drive.google.com/drive/folders/1rMBq7XiQFJBOZsH7W5O8Ys1MwdYDbU3K?usp=sharing
รวมเล่มเปรียบเทียบมาตรฐานการเรียนรู้ 2565.pdf,กลุ่มที่ 3: การบริหารจัดการเครือข่ายและประสานความร่วมมือเพื่อการพัฒนาการศึกษาเชิงพื้นที่,3.3 รายงานผลการดำเนินงานเชิงระบบและสารสนเทศเพื่อการตัดสินใจของผู้บริหาร,งานวิจัยเปรียบเทียบคะแนนเฉลี่ยร้อยละตามมาตรฐานการเรียนรู้จากผลสอบ O-NET ปี 2565 ของจังหวัดเชียงใหม่ เพื่อสกัดเป็นสารสนเทศเชิงลึกให้สถานศึกษาและผู้บริหารใช้ชี้เป้าจุดที่ต้องเร่งพัฒนาพัฒนาเชิงพื้นที่,https://drive.google.com/drive/folders/1P1-_72U1bdp1cBKSatDVPX91_HLPRCE6?usp=sharing
รวมเล่มรายงาน NT 2561.pdf,กลุ่มที่ 3: การบริหารจัดการเครือข่ายและประสานความร่วมมือเพื่อการพัฒนาการศึกษาเชิงพื้นที่,3.3 รายงานผลการดำเนินงานเชิงระบบและสารสนเทศเพื่อการตัดสินใจของผู้บริหาร,รายงานการวิเคราะห์ผลการทดสอบ NT ชั้น ป.3 ปี 2561 ของจังหวัดเชียงใหม่ (มิติความสามารถ 3 ด้าน) เพื่อเป็นฐานข้อมูลสารสนเทศระยะยาว (Longitudinal Data) ในการกำหนดทิศทางการขับเคลื่อนคุณภาพการศึกษาขั้นพื้นฐาน,https://drive.google.com/drive/folders/1P1-_72U1bdp1cBKSatDVPX91_HLPRCE6?usp=sharing
รวมเล่มรายงาน Onet 2566.pdf,กลุ่มที่ 3: การบริหารจัดการเครือข่ายและประสานความร่วมมือเพื่อการพัฒนาการศึกษาเชิงพื้นที่,3.3 รายงานผลการดำเนินงานเชิงระบบและสารสนเทศเพื่อการตัดสินใจของผู้บริหาร,รายงานวิจัยแนวทางการพัฒนาคุณภาพการศึกษาเชิงพื้นที่ (Area-Based Education) จากผลสอบ O-NET ปี 2566 จำแนกรายอำเภอ เพื่อส่งต่อข้อมูลเชิงประจักษ์ให้ผู้บริหารระดับนโยบายใช้ตัดสินใจจัดสรรทรัพยากร,https://drive.google.com/drive/folders/1P1-_72U1bdp1cBKSatDVPX91_HLPRCE6?usp=sharing
รวมเล่มรายงาน ท 2.1 2566.pdf,กลุ่มที่ 3: การบริหารจัดการเครือข่ายและประสานความร่วมมือเพื่อการพัฒนาการศึกษาเชิงพื้นที่,3.3 รายงานผลการดำเนินงานเชิงระบบและสารสนเทศเพื่อการตัดสินใจของผู้บริหาร,งานวิจัยเจาะลึกสมรรถนะการเขียน (มาตรฐาน ท 2.1) ของนักเรียน ป.6 และ ม.3 จังหวัดเชียงใหม่ จากผลสอบ O-NET ปี 2566 สังเคราะห์ข้อค้นพบรายสังกัดเพื่อส่งต่อเครือข่ายครูภาษาไทยนำไปปฏิรูปวิธีการจัดกิจกรรมเรียนรู้,https://drive.google.com/drive/folders/1P1-_72U1bdp1cBKSatDVPX91_HLPRCE6?usp=sharing
รวมเล่มรายงานการบริหารการสอบ onet 2563.pdf,กลุ่มที่ 3: การบริหารจัดการเครือข่ายและประสานความร่วมมือเพื่อการพัฒนาการศึกษาเชิงพื้นที่,3.3 รายงานผลการดำเนินงานเชิงระบบและสารสนเทศเพื่อการตัดสินใจของผู้บริหาร,งานวิจัยประเมินผลการบริหารจัดการทดสอบระดับชาติ O-NET ปี 2563 ของศูนย์สอบจังหวัดเชียงใหม่ เพื่อสกัดปัญหา อุปสรรค และข้อเสนอแนะเชิงระบบในการยกระดับมาตรฐานความโปร่งใสและประสิทธิภาพการจัดสอบ,https://drive.google.com/drive/folders/1P1-_72U1bdp1cBKSatDVPX91_HLPRCE6?usp=sharing
ระบบสารสนเทศวิเคราะห์ผลสัมฤทธิ์ระดับชาติ (O-NET): จังหวัดเชียงใหม่,กลุ่มที่ 4: การพัฒนาระบบนิเวศการเรียนรู้ดิจิทัลและเทคโนโลยีสารสนเทศเพื่อการนิเทศการศึกษา,4.4 แพลตฟอร์มและระบบสารสนเทศอัจฉริยะบนเครือข่ายอินเทอร์เน็ต (Website/Dashboard),การพัฒนาเว็บแอปพลิเคชันสารสนเทศอัจฉริยะเพื่อวิเคราะห์และเปรียบเทียบแนวโน้มผลสอบ O-NET ย้อนหลัง 4 ปี (2565-2568) ของ ศธจ.เชียงใหม่ จำแนกรายสังกัดและมาตรฐานการเรียนรู้ ช่วยให้ศึกษานิเทศก์ใช้เป็นเครื่องมือชี้เป้าในการนิเทศเชิงรุกได้อย่างแม่นยำ,https://ais-pre-lelv2qehhaoemuuh7e56bb-958605973671.asia-southeast1.run.app/
คลังกิจกรรมการเรียนรู้ส่งเสริมพหุปัญญาล้านนา,กลุ่มที่ 4: การพัฒนาระบบนิเวศการเรียนรู้ดิจิทัลและเทคโนโลยีสารสนเทศเพื่อการนิเทศการศึกษา,4.4 แพลตฟอร์มและระบบสารสนเทศอัจฉริยะบนเครือข่ายอินเทอร์เน็ต (Website/Dashboard),แพลตฟอร์ม Web application คลังนวัตกรรมการสอนระดับประถมศึกษา (ป.4-6) ที่บูรณาการ Soft Power ล้านนาเข้ากับพหุปัญญา มีระบบสืบค้นและคัดกรองกิจกรรม (Filter) ตามระดับชั้น บริบทท้องถิ่น และมิติพหุปัญญาหลัก เพื่อให้ครูผู้สอนเข้าถึงแผนการจัดการเรียนรู้และไอเดียการประเมินผลได้สะดวก,https://cm-mi-p4-p6.vercel.app/
ระบบประเมินและเรียนรู้องค์ประกอบ Active Learning,กลุ่มที่ 4: การพัฒนาระบบนิเวศการเรียนรู้ดิจิทัลและเทคโนโลยีสารสนเทศเพื่อการนิเทศการศึกษา,4.4 แพลตฟอร์มและระบบสารสนเทศอัจฉริยะบนเครือข่ายอินเทอร์เน็ต (Website/Dashboard),"ระบบสารสนเทศดิจิทัล ""Active Learning @ CMPEO"" สนับสนุนการประเมินตนเองของครูและผู้บริหารในการขับเคลื่อนการจัดการเรียนรู้เชิงรุกเชิงพื้นที่ (เชียงใหม่ พ.ศ. 2568-2569) ประมวลผลจากงานวิจัยเชิงโครงสร้างสถิติเพื่อยกระดับขีดความสามารถการสอนอย่างยั่งยืน",https://active-learning-cmpeo.vercel.app/
ครูพร้อมใช้ (AI Prompt Library),กลุ่มที่ 4: การพัฒนาระบบนิเวศการเรียนรู้ดิจิทัลและเทคโนโลยีสารสนเทศเพื่อการนิเทศการศึกษา,4.4 แพลตฟอร์มและระบบสารสนเทศอัจฉริยะบนเครือข่ายอินเทอร์เน็ต (Website/Dashboard),"แพลตฟอร์ม ""ครูพร้อมใช้ (AI Prompt Library)"" คลังคำสั่งปฏิสัมพันธ์ (Prompt) สำหรับครูเพื่อใช้ AI เจนเนอเรชันสร้างสื่อการสอนและเครื่องมือประเมินสมรรถนะ/พหุปัญญาผู้เรียนรายบุคคล มีระบบแยกหมวดหมู่อาชีพ วัฒนธรรม และปุ่มคัดลอกโค้ดไปใช้ได้ทันที",https://sornorpoom.github.io/prompt-for-digital-art/
Podcast การวัดและประเมินผลในชั้นเรียน,กลุ่มที่ 4: การพัฒนาระบบนิเวศการเรียนรู้ดิจิทัลและเทคโนโลยีสารสนเทศเพื่อการนิเทศการศึกษา,4.5 ห้องเรียนดิจิทัลและแพลตฟอร์มสื่อมัลติมีเดียออนไลน์,สื่อมัลติมีเดียสร้างความรู้ความเข้าใจพื้นฐานเกี่ยวกับความหมาย ลักษณะ และบทบาทสำคัญของการวัดและประเมินผลการศึกษา เพื่อวางกรอบแนวคิดที่ถูกต้องให้แก่ครูผู้สอน,https://www.youtube.com/playlist?list=PLUyZy8gE6N_blZX5anGIcirZKlUCrI3pq
Podcast การวิจัยในชั้นเรียน,กลุ่มที่ 4: การพัฒนาระบบนิเวศการเรียนรู้ดิจิทัลและเทคโนโลยีสารสนเทศเพื่อการนิเทศการศึกษา,4.5 ห้องเรียนดิจิทัลและแพลตฟอร์มสื่อมัลติมีเดียออนไลน์,สื่อมัลติมีเดียสร้างความรู้ความเข้าใจพื้นฐานเกี่ยวกับความหมาย ลักษณะ และบทบาทสำคัญของการวิจัยในชั้นเรียน เพื่อวางกรอบแนวคิดที่ถูกต้องให้แก่ครูผู้สอน,https://www.youtube.com/playlist?list=PLUyZy8gE6N_YjftmsqIe7dDdA5sCt-YeM
คลังสื่อวิดีโอพอดแคสต์,กลุ่มที่ 4: การพัฒนาระบบนิเวศการเรียนรู้ดิจิทัลและเทคโนโลยีสารสนเทศเพื่อการนิเทศการศึกษา,4.5 ห้องเรียนดิจิทัลและแพลตฟอร์มสื่อมัลติมีเดียออนไลน์,เป็นคลังสื่อนวัตกรรมการนิเทศทางไกล (Asynchronous Supervision) ที่บูรณาการองค์ความรู้ 3 มิติหลัก ได้แก่ กระบวนการวัดผลเฉพาะทาง (พหุปัญญา/O-NET) แนวทางการบริหารจัดการสถานศึกษาเพื่อรับการประเมินภายนอก และการสื่อสารนโยบายเชิงระบบ เพื่อให้ครูและผู้บริหารสามารถเข้าถึงคำแนะนำทางวิชาการได้ทุกที่ทุกเวลา,https://www.youtube.com/playlist?list=PLUyZy8gE6N_aknJFyCxvGRTojUvsqs02H
เพลย์ลิสต์ Classroom Assessment Tip,กลุ่มที่ 4: การพัฒนาระบบนิเวศการเรียนรู้ดิจิทัลและเทคโนโลยีสารสนเทศเพื่อการนิเทศการศึกษา,4.5 ห้องเรียนดิจิทัลและแพลตฟอร์มสื่อมัลติมีเดียออนไลน์,เป็นคลังสื่อนวัตกรรมการนิเทศดิจิทัลในรูปแบบวิดีโอขนาดสั้น (Micro-learning) เพื่อพัฒนาวิชาชีพครูรายบุคคล มุ่งเน้นการให้ความรู้และแนวคิดกระชับ (Tips) เกี่ยวกับการบริหารจัดการระบบการวัดและประเมินผลในชั้นเรียน (Classroom Assessment) ความท้าทายด้านเทคโนโลยี และความฉลาดรู้ด้านการประเมิน (Assessment Literacy),https://www.youtube.com/playlist?list=PLUyZy8gE6N_abHWKZ0pmSbEAr1-0hfpvg
Assessment Talk,กลุ่มที่ 4: การพัฒนาระบบนิเวศการเรียนรู้ดิจิทัลและเทคโนโลยีสารสนเทศเพื่อการนิเทศการศึกษา,4.5 ห้องเรียนดิจิทัลและแพลตฟอร์มสื่อมัลติมีเดียออนไลน์,"วิดีโอออนไลน์ที่ใช้ถ่ายทอดสดและบันทึกเทปการเสวนาทางวิชาการ มุ่งเน้นการยกระดับสมรรถนะครูและบุคลากรทางการศึกษา ด้านการวัดและประเมินผลการศึกษาขั้นสูง (EFA, CFA, Mplus) และการประยุกต์ใช้เทคโนโลยีดิจิทัล (Apps Script) เพื่อการบริหารและการนิเทศเชิงระบบ",https://www.youtube.com/playlist?list=PLUyZy8gE6N_aFrglHmzskoJVhL3skDMzz
นวัตกรรมการศึกษาเพื่อพัฒนา NT,กลุ่มที่ 4: การพัฒนาระบบนิเวศการเรียนรู้ดิจิทัลและเทคโนโลยีสารสนเทศเพื่อการนิเทศการศึกษา,4.5 ห้องเรียนดิจิทัลและแพลตฟอร์มสื่อมัลติมีเดียออนไลน์,"สื่อมัลติมีเดียออนไลน์ที่ใช้รวบรวมและเผยแพร่คลิปวิดีโอ ""ตัวอย่างนวัตกรรมการศึกษาเพื่อยกระดับ NT"" ความยาวตอนละ 6-8 นาที เพื่อสร้างคลังความรู้แนวปฏิบัติที่ดี (Best Practices) ของแต่ละโรงเรียนในการขับเคลื่อนคุณภาพการศึกษาเชิงพื้นที่",https://www.youtube.com/playlist?list=PLUyZy8gE6N_ZSopuKt-sPHzWJT93ddlr9
นวัตกรรมการศึกษาเพื่อพัฒนา RT,กลุ่มที่ 4: การพัฒนาระบบนิเวศการเรียนรู้ดิจิทัลและเทคโนโลยีสารสนเทศเพื่อการนิเทศการศึกษา,4.5 ห้องเรียนดิจิทัลและแพลตฟอร์มสื่อมัลติมีเดียออนไลน์,สื่อออนไลน์รูปแบบ Micro-learning (ความยาว 6-8 นาที) ที่ใช้รวบรวมและเผยแพร่ตัวอย่างนวัตกรรมการจัดการเรียนรู้เพื่อยกระดับทักษะการอ่าน (RT) ของโรงเรียนในเครือข่าย เพื่อเป็นโมเดลต้นแบบในการแก้ไขปัญหาภาวะถดถอยทางการเรียนรู้เชิงพื้นที่,https://www.youtube.com/playlist?list=PLUyZy8gE6N_ZnA9a1zFPYeVTocipiOeMe
การวิจัยในชั้นเรียนสำหรับครูวิทยาศาสตร์และกลุ่มสาระที่เกี่ยวข้อง,กลุ่มที่ 4: การพัฒนาระบบนิเวศการเรียนรู้ดิจิทัลและเทคโนโลยีสารสนเทศเพื่อการนิเทศการศึกษา,4.5 ห้องเรียนดิจิทัลและแพลตฟอร์มสื่อมัลติมีเดียออนไลน์,สื่อมัลติมีเดียออนไลน์ที่จัดแสดงวิดีโอนำเสนอผลงานวิจัยในชั้นเรียนและการจัดการเรียนรู้เชิงรุก (Active Learning) ความยาว 5-8 นาที เพื่อสร้างคลังนวัตกรรมต้นแบบในการแก้ปัญหาและพัฒนาทักษะกระบวนการคิดของนักเรียน,https://www.youtube.com/playlist?list=PLUyZy8gE6N_br-Mg2Arejn2NIKtmyYr0f
รวมเล่มตัวอย่างเครื่องมือวัดผลในชั้นเรียน 2565 final.pdf,กลุ่มที่ 1: การพัฒนานวัตกรรมและองค์ความรู้เฉพาะทางในการนิเทศการศึกษา,1.2 เครื่องมือการวัดและประเมินผลต้นแบบ,เอกสารรวบรวมชุดเครื่องมือวัดและประเมินผลการเรียนรู้ในชั้นเรียน มุ่งเน้นการประเมินตามสภาพจริงและการวัดฐานสมรรถนะเพื่อเป็นแนวทางให้ครูนำไปปรับใช้ในห้องเรียนหลังสถานการณ์โควิด-19,https://drive.google.com/drive/folders/1nE74WgwPM3qwR5Z9KMP_1XUyYnYfZFMu?usp=sharing
รวมเล่มตัวอย่างเครื่องมือวัดผลในชั้นเรียน 2566 final.pdf,กลุ่มที่ 1: การพัฒนานวัตกรรมและองค์ความรู้เฉพาะทางในการนิเทศการศึกษา,1.2 เครื่องมือการวัดและประเมินผลต้นแบบ,คลังเครื่องมือวัดผลต้นแบบที่มีการยกระดับความสอดคล้องตามตัวชี้วัดและสมรรถนะสำคัญของผู้เรียน มีการเพิ่มความหลากหลายของเกณฑ์การประเมิน (Rubrics) เพื่อรองรับการจัดการเรียนรู้เชิงรุก,https://drive.google.com/drive/folders/1nE74WgwPM3qwR5Z9KMP_1XUyYnYfZFMu?usp=sharing
รวมเล่มตัวอย่างเครื่องมือวัดผลในชั้นเรียน 2567 final.pdf,กลุ่มที่ 1: การพัฒนานวัตกรรมและองค์ความรู้เฉพาะทางในการนิเทศการศึกษา,1.2 เครื่องมือการวัดและประเมินผลต้นแบบ,ชุดเครื่องมือวัดและประเมินผลฉบับปรับปรุงล่าสุด ที่เน้นการประเมินเพื่อพัฒนาการเรียนรู้ (Formative Assessment) และการประเมินสมรรถนะเฉพาะกลุ่มสาระ เพื่อตอบสนองต่อหลักสูตรฐานสมรรถนะอย่างเป็นระบบ,https://drive.google.com/drive/folders/1nE74WgwPM3qwR5Z9KMP_1XUyYnYfZFMu?usp=sharing
รวมเล่มบทคัดย่องานวิจัยในชั้นเรียน 2565.pdf,กลุ่มที่ 2: การพัฒนาวิชาชีพและหนุนเสริมศักยภาพครูผ่านกระบวนการนิเทศแบบร่วมมือ,2.3 การถอดบทเรียนและแนวปฏิบัติที่เป็นเลิศของสถานศึกษา (School Best Practices),เอกสารรวบรวมบทคัดย่องานวิจัยในชั้นเรียนของครูในเครือข่าย สะท้อนภาพรวมการแก้ปัญหาการเรียนรู้เชิงพื้นที่และการฟื้นฟูภาวะถดถอยทางการเรียนรู้ของผู้เรียนผ่านนวัตกรรมท้องถิ่น,https://drive.google.com/drive/folders/18StcylMa_avVn9dn80b2Hns6hale1gH8?usp=sharing
รวมเล่มบทคัดย่องานวิจัยในชั้นเรียน 2566.pdf,กลุ่มที่ 2: การพัฒนาวิชาชีพและหนุนเสริมศักยภาพครูผ่านกระบวนการนิเทศแบบร่วมมือ,2.3 การถอดบทเรียนและแนวปฏิบัติที่เป็นเลิศของสถานศึกษา (School Best Practices),คลังบทคัดย่องานวิจัยในชั้นเรียนที่แสดงถึงการพัฒนาวิธีปฏิบัติที่เป็นเลิศ (Best Practices) โดยเน้นกระบวนการ Active Learning และการแก้ปัญหาพฤติกรรมการเรียนรู้ผ่านนวัตกรรมการสอนที่หลากหลายขึ้น,https://drive.google.com/drive/folders/18StcylMa_avVn9dn80b2Hns6hale1gH8?usp=sharing
รวมเล่มบทคัดย่องานวิจัยในชั้นเรียน 2567.pdf,กลุ่มที่ 2: การพัฒนาวิชาชีพและหนุนเสริมศักยภาพครูผ่านกระบวนการนิเทศแบบร่วมมือ,2.3 การถอดบทเรียนและแนวปฏิบัติที่เป็นเลิศของสถานศึกษา (School Best Practices),ชุดเอกสารสรุปผลงานวิจัยในชั้นเรียนฉบับล่าสุด ที่สะท้อนการสร้างนวัตกรรมการสอนและการผสานเทคโนโลยีดิจิทัลเข้ากับห้องเรียน มุ่งเน้นผลลัพธ์การยกระดับผลสัมฤทธิ์อย่างเป็นรูปธรรมเชิงระบบ,https://drive.google.com/drive/folders/18StcylMa_avVn9dn80b2Hns6hale1gH8?usp=sharing